AtomicNumber_composition_average,AtomicRadii_composition_average,AtomicVolume_composition_average,BCCefflatcnt_composition_average,BCCenergy_pa_composition_average,BCCfermi_composition_average,BCCmagmom_composition_average,BCCvolume_pa_composition_average,BCCvolume_padiff_composition_average,BoilingT_composition_average,BulkModulus_composition_average,Column_composition_average,Density_composition_average,ElasticModulus_composition_average,ElectricalConductivity_composition_average,ElectronAffinity_composition_average,Electronegativity_composition_average,FirstIonizationEnergy_composition_average,GSbandgap_composition_average,GSenergy_pa_composition_average,GSmagmom_composition_average,HHIp_composition_average,HHIr_composition_average,HeatCapacityMass_composition_average,HeatCapacityMolar_composition_average,HeatFusion_composition_average,HeatVaporization_composition_average,ICSDVolume_composition_average,IonicRadii_composition_average,IsAlkali_composition_average,IsAlkalineEarth_composition_average,IsBCC_composition_average,IsBoron_composition_average,IsCarbon_composition_average,IsChalcogen_composition_average,IsDBlock_composition_average,IsFBlock_composition_average,IsFCC_composition_average,IsHalogen_composition_average,IsHexagonal_composition_average,IsMetal_composition_average,IsMetalloid_composition_average,IsMonoclinic_composition_average,IsNonmetal_composition_average,IsOrthorhombic_composition_average,IsPnictide_composition_average,IsRhombohedral_composition_average,IsSimpleCubic_composition_average,IsTetragonal_composition_average,MeltingT_composition_average,MendeleevNumber_composition_average,MiracleRadius_composition_average,NUnfilled_composition_average,NValance_composition_average,NdUnfilled_composition_average,NdValence_composition_average,NfUnfilled_composition_average,NfValence_composition_average,NpUnfilled_composition_average,NpValence_composition_average,NsUnfilled_composition_average,NsValence_composition_average,Polarizability_composition_average,SecondIonizationEnergy_composition_average,ShearModulus_composition_average,SpaceGroupNumber_composition_average,ThermalConductivity_composition_average,ThermalExpansionCoefficient_composition_average,ThirdIonizationEnergy_composition_average,n_ws^third_composition_average,valence_composition_average
0.02579873814100837,-0.7164386027220514,0.6921804548524373,-0.8683968299699719,0.5821727383648514,-0.8458237751543931,-0.24226238234169223,-0.7162421754266183,1.2753463821789766,0.061691680050137455,0.4295789119314521,0.15737500041690478,0.9526305695324364,-0.09290930002436787,4.582179514419007,0.2615027064156078,0.6022892347793974,0.24847923929684082,-0.8059497485432332,0.4217685721882498,-0.20479524292841056,-1.4424054712105687,-1.2078873563291304,-0.16250191611449064,-0.12091893410308124,-0.4160449474024808,0.2663199765518648,-0.925825026562193,0.7768141606609736,-0.2875022833343387,-0.28165178992967954,-0.5060003117411753,-0.3603632660372339,-0.353465264096338,0.020660903700203233,2.353880313290255,-0.4525944664054511,2.5391185883923524,-0.3938772060414334,-0.9162254628865221,0.7239569865850964,-0.6896740279330925,-0.2156885934117246,-0.20088613129635638,-0.5983362688143726,-0.5672322599720927,-0.5217579056787751,0.903631815828386,-0.24018648510625176,0.020834961081006433,0.0883816452660675,-0.0793911169947103,-0.9233556510796901,-0.20124439385154594,-0.5334245558578966,0.5359128184654837,-0.37474452515955725,-0.5764668918693874,-1.0416922289226604,-1.2093003789900394,2.875230177970606,-2.5733344124207758,-0.525924588822138,0.7765660493594994,0.27364709030415935,0.4754020855494559,4.86898278658453,0.5324542891640589,0.43142393717077737,0.26608624154712146,-1.7223229711292034
1.000728466915974,-0.17875142881545408,-0.5771167788836071,1.0604005302840271,1.1406774275784328,-0.2741786142285764,-0.24226238234169223,0.751245241337386,-1.4924836121677503,-1.3811914126769578,-0.6982645197545804,1.541732277349267,0.1476434376124446,-0.731244965788337,-0.6264338502172832,1.8401169624629659,0.8566028819551129,0.6826946368547144,0.14069529060218927,1.098212891697554,-0.20479524292841056,0.7486812354246833,0.9266519004450773,-0.8839543147399892,2.6120528288566476,-0.0418736406274328,-1.1927044395018334,0.9047127152485911,2.125968958383763,-0.2875022833343387,-0.28165178992967954,-0.5060003117411753,-0.3603632660372339,-0.353465264096338,-1.0769500823099392,-0.7245958036822419,-0.4525944664054511,-0.5533642884000323,3.085454229419148,-0.9162254628865221,-0.8631711658481469,0.13878755802230447,-0.2156885934117246,1.2013741056615264,2.170375084446208,0.44195586338089043,0.47451931024640936,-0.4828368872251222,-0.24018648510625176,-0.575166648230549,1.4872312798140752,-2.679934315513414,-0.8292956077898688,1.3282635201796524,-0.5334245558578966,1.445792131601719,-0.37474452515955725,-0.5764668918693874,-0.2449678192569166,2.561403770883722,-0.4499818511404049,0.46672709336718615,-0.5376154947078814,-0.36734548224610253,-0.8802280811408563,-0.8398129270451624,-0.584069018157296,-0.3042514345016087,-0.3204847579084269,-0.959037402889793,1.7771005719363446
0.6177203591829518,0.401486528637709,-0.5790881391608386,0.40308236021619537,-0.04845559606007273,0.7347070543711413,-0.24226238234169223,0.13121739402332264,-0.6800614842109509,-0.7061995310061372,-0.04212332066779125,1.1805955964103898,0.5146875698975066,-0.29551679623243454,-0.5056846784148566,0.30088725864428617,-0.09707329495382173,0.12917732174802848,-0.5302163535881321,0.14409273618346294,-0.20479524292841056,-0.1194851955062655,0.8351716465833255,-0.8093213079856273,-0.3239965227783101,0.7353179557117959,-1.0135189910589664,0.03713775573032851,-0.32412818169441754,-0.2875022833343387,-0.28165178992967954,-0.5060003117411753,-0.3603632660372339,-0.353465264096338,0.5694663967052745,-0.7245958036822419,-0.4525944664054511,-0.5533642884000323,-0.3938772060414334,0.5415779462350959,0.08910572561179919,2.6241723158884955,-0.2156885934117246,-1.3226943208626625,-0.5983362688143726,1.4511439867338736,1.4707965261715938,-0.4828368872251222,-0.24018648510625176,0.15925305344162216,1.0811136439775566,0.21907197822568672,-0.26493534805094116,1.1148438112450667,-0.5334245558578966,1.445792131601719,-0.37474452515955725,-0.5764668918693874,0.7111014723419762,1.3706550919762186,-0.4499818511404049,0.46672709336718615,-0.5291446944515104,-0.4308433587484649,-0.41867801256285003,0.5773567376885737,-0.3178895713494298,-0.5180533884604033,-0.6061083191084027,-0.1522486614313373,0.9994508956995563
-1.0187688284035976,-0.7976719167654939,-0.581829682997734,-1.0768361883679327,-0.802797581197846,1.2559062807484376,-0.24226238234169223,-0.7718622208043155,0.5966862874797257,1.2898493105750433,2.553935729248907,0.6388905750020744,-0.30457834096020486,2.641071371698941,-0.505697387515876,-0.8709528075153846,-0.1685990082219914,-0.0929738754294042,0.09969183316274538,-0.9074876062366793,-0.20479524292841056,-0.1194851955062655,-0.04913747408027479,0.5422742429065533,-1.3101777512676023,2.1555533784207874,1.2953370254186416,-1.1529388903104294,-1.2128889089776786,-0.2875022833343387,-0.28165178992967954,-0.5060003117411753,2.258122199529933,-0.353465264096338,-1.0769500823099392,-0.7245958036822419,-0.4525944664054511,-0.5533642884000323,-0.3938772060414334,-0.9162254628865221,0.08910572561179919,2.6241723158884955,-0.2156885934117246,-1.3226943208626625,-0.5983362688143726,1.4511439867338736,3.463350958021963,-0.4828368872251222,-0.24018648510625176,1.8958078486667829,0.47193719022277886,-0.544210691518279,0.5816050415574502,-0.2723842968297409,-0.5334245558578966,0.08097316189736578,-0.37474452515955725,-0.5764668918693874,2.1452054097403157,-0.415467926385037,-0.4499818511404049,0.46672709336718615,-0.7072117296279942,0.10270161893933774,-0.8802280811408563,0.7200932506833384,-0.07193064256139911,-0.5470399995259706,-0.21943347286442677,1.808696196280187,-0.16702361865562645
-0.392028288476834,-0.41084661179671844,-0.5809589085919896,-0.6708664751586574,-0.6878060106742776,1.6894326176690218,-0.24226238234169223,-0.44302565983958736,0.288186517291329,1.934655261059269,2.7575482037521777,0.6388905750020744,-0.09434343790941647,2.846119922078189,-0.5819519955382186,-0.6985705728366711,-0.32357138696969423,-0.46142867238937646,0.09969183316274538,-0.7488384264873945,-0.20479524292841056,1.3067882267374362,-0.2320979818037783,0.3421593676530996,-1.270442251383106,1.9543317234665887,1.4749770029020908,-0.7577607673884984,-0.9967038672060746,-0.2875022833343387,-0.28165178992967954,-0.5060003117411753,2.258122199529933,-0.353465264096338,-1.0769500823099392,-0.7245958036822419,-0.4525944664054511,-0.5533642884000323,-0.3938772060414334,-0.9162254628865221,0.08910572561179919,2.6241723158884955,-0.2156885934117246,-1.3226943208626625,-0.5983362688143726,1.4511439867338736,3.463350958021963,-0.4828368872251222,-0.24018648510625176,1.6968456413951782,0.5057803265424887,0.04292982366938692,0.5816050415574502,-0.2723842968297409,-0.5334245558578966,0.08097316189736578,-0.37474452515955725,-0.5764668918693874,2.1452054097403157,-0.415467926385037,-0.4499818511404049,0.46672709336718615,-0.5421212395251003,-0.06849842501511003,-0.30329049541834846,0.7200932506833384,-0.3283665236913135,-0.5560854668088427,-0.33776295690558733,1.606999010915573,-0.16702361865562645
-1.6455093683303612,-0.7589893862686163,-0.5811876679513578,-1.0939532415960906,0.08987486645791903,1.0583229100582547,-0.24226238234169223,-0.8410481309082807,-0.8286476603207834,0.16373846212814155,0.47403430219799925,-1.1667928296923107,-1.2536697228771145,1.4693653695318087,0.8414673542118613,-1.9022295264807882,-0.25204567370152353,0.4053162736795194,0.5025953714807595,0.1262322054797813,-0.20479524292841056,0.6556634035392246,-0.3540716536194473,2.474530989206297,-1.0801159417668567,-0.6582610069000371,0.11760177804331466,-0.9439941356620521,-1.296960869666636,-0.2875022833343387,3.2460099007987595,-0.5060003117411753,-0.3603632660372339,-0.353465264096338,0.5694663967052745,-0.7245958036822419,-0.4525944664054511,-0.5533642884000323,-0.3938772060414334,0.5415779462350959,0.08910572561179919,-0.6896740279330925,-0.2156885934117246,0.36001796348679677,1.2474713000260145,-0.5672322599720927,-0.5217579056787751,-0.4828368872251222,-0.24018648510625176,0.3042384015608186,0.43809405390306894,-0.3680685369619793,-1.1114757376593325,-1.3394828415026698,-0.5334245558578966,-1.2838458078069874,-0.37474452515955725,-0.5764668918693874,-0.723002465056363,-0.415467926385037,-0.4499818511404049,0.46672709336718615,-0.6235851058204147,-0.08013970237387662,2.9275599846276954,0.026801616137338034,1.1580535843258934,-0.4212257727732953,4.529336990907376,0.1054755198678916,-0.16702361865562645
0.5829014402981316,0.5884520927059502,-0.5760212482920277,1.4687221942255504,1.4938170409795908,-0.7397229264570007,-0.24226238234169223,1.1235603987498017,-0.9664974139538172,-0.9493658175059783,-0.7079361122934857,-0.08338278687567968,-0.4274682275888616,-0.7715223596128321,0.5788125932468614,0.4630941530815481,-0.1765463096962327,-0.11675267217048037,0.035512508474920206,1.478077157133192,-0.20479524292841056,0.7900224940404424,0.37777037727456675,-0.5047748994714911,2.3355431384174707,-0.3802722087439567,-0.7713560188820929,1.4301027867195109,2.137979238482185,-0.2875022833343387,2.0701226705559463,-0.5060003117411753,-0.3603632660372339,-0.353465264096338,-1.0769500823099392,-0.7245958036822419,-0.4525944664054511,0.9928771499961601,2.6988618477013055,-0.9162254628865221,-0.5457455353614983,-0.6896740279330925,-0.2156885934117246,0.9209220582699498,1.8627404896394768,-0.5672322599720927,-0.5217579056787751,-0.4828368872251222,-0.24018648510625176,-0.4321489838459599,-0.31773599057045204,-1.557028080217003,-1.2995958242389751,0.36787482997401644,-0.5334245558578966,0.5359128184654837,-0.37474452515955725,-0.5764668918693874,-1.0416922289226604,1.172196978824968,-0.4499818511404049,0.46672709336718615,0.48342633193732076,-0.7410874707362924,-0.7379168099959711,-0.2654683866614662,0.4961396914653826,-0.31932721330639546,0.23269556082633105,-1.0860319270082537,0.8698426163267586
-0.7402174773250361,-0.9949528222995697,1.3001337924451122,-0.5051799021214253,0.8188571467962196,-1.0408463453288181,-0.24226238234169223,-0.5073278586420963,0.662877809052715,0.14931813583570896,0.5086484228635553,0.6388905750020744,-0.14501351733687176,0.03402551687707145,3.1100419428765576,1.7370467513113181,0.83276097753239,0.7210383368425326,0.6755229963340663,0.8360786061452017,-0.20479524292841056,-1.0806694583226732,-1.1164071024673785,-0.26310611569546205,0.2160695341263969,-0.3473843683643456,0.13628797193391798,-0.6260347264145214,0.8648895480494053,-0.2875022833343387,-0.28165178992967954,-0.5060003117411753,-0.3603632660372339,-0.353465264096338,-1.0769500823099392,1.5842612840471306,-0.4525944664054511,1.7659978691942564,1.9256770842656208,-0.9162254628865221,0.08910572561179919,-0.6896740279330925,-0.2156885934117246,0.36001796348679677,1.2474713000260145,-0.5672322599720927,-0.5217579056787751,-0.4828368872251222,-0.24018648510625176,-0.14342122267250515,0.5396234628621986,-1.674456183254536,-1.1114757376593325,-0.2723842968297409,-0.5334245558578966,0.08097316189736578,-0.37474452515955725,-0.5764668918693874,-1.2010371108558093,0.17990641306871485,2.0439271706928537,-1.813319035973785,-0.6358407317232496,0.12834499214221545,0.5044221245931625,0.2816882464851323,3.161046313292076,-0.5544408363937751,0.17461030224478,-0.11863246387056829,0.22180121946276776
-1.3868545423288396,-1.1524459821797137,-0.5826004509142472,-1.6394150562196905,-1.0169868340281234,1.6664432430027956,-0.24226238234169223,-1.0050012960286012,1.1634511909484468,3.262419679726318,4.776220450970316,-0.23815565013519852,-0.635473835644119,4.7940811506810475,-0.7271988679615017,-1.1828825655054376,-0.614783219561529,-0.7687540477203644,0.7465786772384444,-1.3337894541482136,-0.20479524292841056,0.3411745433550545,-0.5631693767320229,1.2857923918283447,-1.894424296179479,2.7899425099538107,3.295409098914035,-1.4696005060508275,-1.3587280244585227,-0.2875022833343387,-0.28165178992967954,-0.5060003117411753,4.128468960649338,-0.353465264096338,-1.0769500823099392,-0.7245958036822419,0.427867710821528,-0.5533642884000323,-0.3938772060414334,-0.4997102031374884,-1.2712898336166953,2.150765695342554,-0.2156885934117246,-1.3226943208626625,-0.5983362688143726,-0.5672322599720927,2.894049691779,-0.4828368872251222,-0.24018648510625176,3.0374968727025626,-0.33062861393034143,-0.5756646476890468,1.0653424070479593,-1.278505781807074,-0.5334245558578966,-1.2838458078069874,0.08851481961923346,0.04442058926755895,2.4183680644828565,-1.776323559422184,-0.4499818511404049,0.46672709336718615,-0.35725696645292637,0.3199318085341429,-0.6741789433828178,0.8016569723946325,-0.34789499268230756,-0.566158828101132,-0.015557927410357103,1.9863818119585377,-0.9446732948924149
0.19989333256510938,-0.17294904924092225,1.3304420336706293,-0.3940237860437647,-0.5661876124253934,-0.35218346316579047,-0.24226238234169223,-0.23994466488736071,-0.25227907626669577,-0.19644497276156225,-0.5104320120253133,-1.1667928296923107,-0.2254149300589641,-0.4126873964491478,-0.6772702555664648,-1.3090909873237813,-0.12091519937654566,0.6520402816861423,3.019256853452426,-1.3488903346122818,-0.20479524292841056,1.3067882267374362,-0.7809795049742888,0.30935365039843504,0.14164965722407738,-0.5678627193302905,-0.2571685266266268,-0.017369571569248,1.1050951500178545,-0.2875022833343387,-0.28165178992967954,-0.5060003117411753,-0.3603632660372339,-0.353465264096338,-1.0769500823099392,-0.7245958036822419,2.629023153888976,-0.5533642884000323,-0.3938772060414334,1.999381355356714,0.08910572561179919,-0.6896740279330925,-0.2156885934117246,0.36001796348679677,-0.5983362688143726,1.4511439867338736,-0.5217579056787751,-0.4828368872251222,-0.24018648510625176,0.09022207818752305,-0.983317671524746,0.10164387518815352,0.2994249116879864,-0.37909415129703383,-0.5334245558578966,-1.2838458078069874,1.2466631815662104,1.5966392921099246,-0.2449678192569166,-1.0108422658387888,-0.4499818511404049,0.46672709336718615,0.6091866761706278,-0.10211973654777114,-0.15905609898772152,1.2910393026623974,-0.7332161178423939,-0.07523664920343826,-0.06550042725335986,1.4501234222986514,-0.16702361865562645
-0.14332172501383275,-0.3826636252918512,1.604547471003175,-0.39075028685359914,0.8960034742437393,-1.2655447847249939,-0.24226238234169223,-0.18139826869013986,1.1165092445267861,-1.0389879434480915,-0.8554097188265687,-0.6508832854939149,-1.1044483945590193,-0.7798916881997402,-0.6872559780455811,-0.15187262856989422,0.6982245168613079,0.6366838916382146,-0.8059497485432332,0.37830507704182575,-0.20479524292841056,0.6600928241051987,-0.894240771660267,0.29646569004838796,0.1416111724784267,-0.7218853777998409,-0.6524517990455118,0.3070788052139465,0.8374374792530108,-0.2875022833343387,-0.28165178992967954,1.6105882360486994,-0.3603632660372339,-0.353465264096338,0.804668750850305,-0.7245958036822419,2.188792065275486,-0.5533642884000323,-0.3938772060414334,-0.9162254628865221,-0.18297338623389978,-0.6896740279330925,-0.2156885934117246,0.6004054326795766,-0.5983362688143726,-0.5672322599720927,-0.5217579056787751,1.893966603723749,-0.24018648510625176,-0.7077315492466822,-0.7174073147270253,0.01566972832138808,0.6622279358058681,-0.6382466550033166,-0.5334245558578966,-1.2838458078069874,2.057367034929094,0.7273968185181999,-0.5864211376850926,-0.07525401812575037,-0.4499818511404049,0.46672709336718615,0.541379078738472,0.5899489690894291,-0.6848934985462358,-0.5237535054138975,-0.7183098521549283,1.3164731027470233,0.4734730029360861,-0.9206188913917712,-1.389044538456294
0.17502267621880896,0.8109687443260838,-0.5773796287230636,0.3822048295393856,0.6764505840708411,-0.05128609123176363,-0.24226238234169223,0.20418236644389062,-1.1507192252704785,-0.5636473348526901,-0.7658202300451297,-0.6508832854939149,-0.6193114469265176,-0.6208744450484865,-0.6872559780455811,0.33506614100826204,-0.4734347861982408,-0.5257634371664355,0.6895303886270441,0.6024546250464629,-0.20479524292841056,0.7309635531607865,-0.7199926690664543,-0.09720291700758697,-0.37239109043424706,-0.6476528238001475,-0.6144208491877281,0.7431374236105598,-0.6861523389468654,-0.2875022833343387,-0.28165178992967954,1.6105882360486994,-0.3603632660372339,-0.353465264096338,0.804668750850305,-0.7245958036822419,2.188792065275486,-0.5533642884000323,-0.3938772060414334,-0.9162254628865221,-0.18297338623389978,-0.6896740279330925,-0.2156885934117246,0.6004054326795766,1.511158095574641,-0.5672322599720927,-0.5217579056787751,-0.4828368872251222,-0.24018648510625176,-0.30043551624414233,-0.6787294446473571,0.6699120166733589,0.6622279358058681,-0.6382466550033166,-0.5334245558578966,-1.2838458078069874,2.057367034929094,0.7273968185181999,-0.5864211376850926,-0.07525401812575037,-0.4499818511404049,0.46672709336718615,0.7142348981949268,-0.5066802914722578,-0.6848934985462358,0.15206018876539684,-0.7182916065780607,-0.3516520325358799,-0.4176244160510338,-0.9206188913917712,0.38844043579922255
0.6293266654778917,0.3189637969110366,-0.5798670165950842,0.11006497820469463,-1.343641748474416,0.9733732205765359,4.676792133870898,-0.033065227811778806,0.18712624774685416,0.8984152083968838,0.7960813660373386,0.15737500041690478,0.9940375979875348,0.8102807433127968,-0.05240610649448964,-0.5357651289734419,-0.4864910671916373,-0.5114702915967327,-0.8059497485432332,-0.8137853379980688,5.030549868906516,1.720200812895031,-0.211769036501167,-0.736601968071121,-0.32377202842868036,0.4658684564612987,0.2015718096886567,-0.2959625777670848,-0.5283029433675989,-0.2875022833343387,-0.28165178992967954,1.1402352254287274,-0.3603632660372339,-0.353465264096338,-1.0769500823099392,0.8146422548040064,-0.4525944664054511,-0.5533642884000323,-0.3938772060414334,-0.9162254628865221,1.993659508531691,1.519556867947966,-0.2156885934117246,-1.3226943208626625,-0.5983362688143726,2.1239360689691953,2.134981336788383,-0.4828368872251222,-0.24018648510625176,0.8000021058001839,0.26887837230451955,0.7328199290148945,0.20536486839816498,0.5101546359304069,0.5429651091329806,1.0818404063472251,-0.37474452515955725,-0.5764668918693874,0.2330668265425298,-0.415467926385037,-0.4499818511404049,0.46672709336718615,-0.19824279507496742,-0.7895520892974972,1.4659847674640087,1.1483027896676328,0.016541399436729668,-0.5420375820134732,-0.6892479358317397,1.438918023111728,0.8698426163267586
-0.7634300899149163,0.3602251627743724,-0.5805775724054949,-0.20200453617153982,-2.420119936608725,-0.21540367687435424,4.676792133870898,-0.29841354185757435,1.5850281438240337,1.996728050400162,0.9996938405406091,-2.7317184470941114,-0.07866612726954694,0.9372155602142359,-0.14560618296624198,-1.3296810875770722,-1.5832186706369122,-1.3635108876458748,-0.8059497485432332,-1.6734118939106448,5.030581370330108,0.7280106061168032,0.23546776015628615,0.052922293857806724,-0.29773068387160945,0.13756703232097123,1.7963290345937382,-0.6169501718645921,-0.5443166501654956,-0.2875022833343387,-0.28165178992967954,1.1402352254287274,-0.3603632660372339,-0.353465264096338,-1.0769500823099392,3.893118371776503,-0.4525944664054511,-0.5533642884000323,-0.3938772060414334,1.0275124159423017,1.993659508531691,-0.6896740279330925,-0.2156885934117246,-1.3226943208626625,-0.5983362688143726,-0.5672322599720927,-0.5217579056787751,-0.4828368872251222,-0.24018648510625176,2.0966718534302973,-3.0703110779068554,0.8698193825586829,2.4628059073538755,-1.1972030355462795,5.386718601591928,-0.5559423572979991,-0.37474452515955725,-0.5764668918693874,-1.6790717566552558,-2.796965284200044,-0.4499818511404049,0.46672709336718615,0.8783298332524929,-1.1944188916117087,1.8121473188975135,1.5289334909870058,-0.09654316552328455,-0.5447786327052526,-0.7171722978473527,1.4538585553609586,-0.16702361865562645
-0.05776666718256031,0.04947550111612295,-0.57984314091291,-0.02842596673102078,0.37092831154790357,-0.29301255558709993,-0.24226238234169223,-0.22504934541791885,-0.20860449194308933,-0.054634052572333704,-0.826438572454389,0.9277999197531762,0.19803479324059753,-0.6338469043581941,-0.04562791911472591,0.2290756927143789,0.17472441546522333,-0.5875867506951704,-0.2361799660368734,0.5061090480268619,-0.20479524292841056,0.14096473377301916,0.7802834942662744,-0.5590136853325366,-0.26408347074907595,-0.5336334012509848,-0.23878939235455002,-0.14273642435827433,-0.8693948981627965,-0.2875022833343387,-0.28165178992967954,-0.5060003117411753,1.7344251064165,-0.353465264096338,0.8987496925083173,-0.7245958036822419,-0.4525944664054511,-0.5533642884000323,-0.3938772060414334,0.8331386280594194,-0.29180503097217914,-0.6896740279330925,-0.2156885934117246,0.6965604203566885,0.8783097862579371,-0.5672322599720927,-0.5217579056787751,-0.4828368872251222,-0.24018648510625176,-0.8851671183907585,0.8103685534198777,0.12806519837159866,0.13011683376630823,0.9654500149908568,-0.5334245558578966,1.445792131601719,-0.37474452515955725,-0.5764668918693874,1.3803499764612013,0.5371310167409657,-0.4499818511404049,0.46672709336718615,-0.44191347479015586,-0.05612447985054635,-0.7521479371104596,-1.9715095657893689,-0.49172715582590326,-0.4449495665106462,-0.4028422339364188,-0.5915003095587187,0.4550961223338042
1.697106844612378,1.1983466568733854,-0.5779234234886873,1.0423115639770737,-0.15307266181295565,0.03813540821427951,-0.24226238234169223,0.6855186267386194,0.20525011682778174,1.0406745547866887,0.12076665893482512,-0.9862244892228722,0.985873837147418,-0.17834619601572133,-0.6963211984707134,0.10695724463073374,-1.2653266116672675,-1.006835180415102,-0.5302163535881321,0.1430424049428902,-0.20479524292841056,1.8028833301265499,0.5607308849980702,-0.9635081790825507,0.5104489747961165,0.09616874201856597,0.39708663477466355,0.5549573650763071,0.2403549829314379,-0.2875022833343387,-0.28165178992967954,-0.5060003117411753,-0.3603632660372339,-0.353465264096338,0.5694663967052745,-0.7245958036822419,2.629023153888976,-0.5533642884000323,-0.3938772060414334,1.999381355356714,0.08910572561179919,0.9672491439777015,-0.2156885934117246,-1.3226943208626625,-0.5983362688143726,-0.5672322599720927,-0.5217579056787751,-0.4828368872251222,-0.24018648510625176,0.6891921298389788,-0.8479451262459065,1.1144612638868774,3.403406340252088,0.5812945389086023,3.099390563486314,0.2174550588678011,2.4627189616105363,0.944707436916131,-0.723002465056363,-0.415467926385037,-0.4499818511404049,0.46672709336718615,0.8542991942273261,-0.9630858158926301,0.2159533317319086,0.8628297636781032,-0.7110247354163024,-0.5538240999881247,-0.9053643987090564,-0.4099728427305662,0.22180121946276776
1.6622879257275578,-0.08204510257325982,-0.5779097301924756,0.4581944091335958,2.0354514389020175,-1.3388666599643904,-0.24226238234169223,0.1548219986470283,-0.0179696491712475,-1.49233925853021,-0.6539788065501189,0.8194589154715128,1.530533951958378,-0.7129370595044755,-0.6836248062349933,0.7135272329064569,0.7135514554187725,1.2072153483555652,0.05987688173603901,1.9160752118197932,-0.20479524292841056,0.6866693475010441,1.1705992440764152,-0.6731775813787693,3.2658701727188375,-0.7463658003380476,-1.0589971467305566,1.558800642843511,1.393341872379993,-0.2875022833343387,-0.28165178992967954,-0.5060003117411753,-0.3603632660372339,-0.353465264096338,-1.0769500823099392,1.5842612840471306,-0.4525944664054511,-0.5533642884000323,1.9256770842656208,-0.9162254628865221,0.08910572561179919,-0.6896740279330925,-0.2156885934117246,0.36001796348679677,1.2474713000260145,-0.5672322599720927,1.4707965261715938,-0.4828368872251222,-0.24018648510625176,-1.2430982274748827,0.8103685534198777,-1.2928148483825532,-1.3936558675287964,2.3953620648525815,-0.5334245558578966,1.445792131601719,-0.37474452515955725,2.4658817657016496,-1.2010371108558093,0.17990641306871485,-0.4499818511404049,0.46672709336718615,-0.6300733783572097,-0.1600819007396719,-0.8802280811408563,-0.31984420113566214,-0.755806223140468,-0.48762772578165176,-0.06736205138773413,-0.37635664516979717,0.22180121946276776
1.0239410795058543,-0.021442471461485726,-0.5801134194487798,-0.15078482762961423,-0.8633023366689366,0.6161521981815173,0.8836038197308591,-0.3027546185699798,-0.15013531455361534,0.7937087950602875,1.3566943791696768,0.5185116813557819,2.5733279693587487,1.9234014453715726,0.8329946199871565,0.9674079574249397,0.6022892347793974,0.18630887278019642,-0.17287221242505563,-0.6690478963027794,-0.20479524292841056,0.004538580341012899,2.4106649075357174,-0.8350191198351146,-0.3118289290283687,0.4978908273572355,0.6418926091504787,-0.25659617471739016,-0.8806044929213243,-0.2875022833343387,-0.28165178992967954,-0.5060003117411753,-0.3603632660372339,-0.353465264096338,1.1182718897103456,0.8146422548040064,-0.4525944664054511,0.9928771499961601,-0.3938772060414334,1.0275124159423017,-0.5457455353614983,-0.6896740279330925,-0.2156885934117246,0.9209220582699498,-0.5983362688143726,-0.5672322599720927,-0.5217579056787751,-0.4828368872251222,-0.24018648510625176,0.8772421507525086,0.5621855537420059,0.11632238806784516,-0.35899539134076264,1.7195329865597262,0.2738676928852613,1.1728283376608484,-0.37474452515955725,1.451765546511304,-0.40431270119006546,0.3783645262199653,-0.4499818511404049,0.46672709336718615,-0.5087186512801187,-1.1618558780207533,3.300646290061584,-0.9451660675889174,0.1647486998666775,-0.45624269536077744,-1.196307809431914,-0.3987674435436432,0.6106260575811621
0.1650744136802892,1.7360338307799827,-0.5726272469243142,2.500626307690982,1.6846712971273912,-1.5282168572219947,-0.24226238234169223,2.5791776838783216,-0.45154313608084845,-1.142719242808768,-0.8178868485252517,-1.1667928296923107,-0.8227965401297256,-0.8564710447699492,0.29497599671904046,0.8504274576138019,-1.0507494718627568,-1.1215592997548984,-0.17485305577961818,1.6871646377504594,-0.20479524292841056,0.004538580341012899,1.7804676031547604,-0.08759552838300656,1.9429474197846597,-0.6375330127660455,-0.9389257251767469,2.885145607133211,2.270092319564832,2.810887708599574,-0.28165178992967954,1.9633529940136787,-0.3603632660372339,-0.353465264096338,-1.0769500823099392,-0.7245958036822419,-0.4525944664054511,-0.5533642884000323,1.9256770842656208,-0.9162254628865221,0.08910572561179919,-0.6896740279330925,-0.2156885934117246,0.36001796348679677,1.2474713000260145,-0.5672322599720927,-0.5217579056787751,-0.4828368872251222,-0.24018648510625176,-1.004561537562637,-1.4571215800006843,-0.14789084376660452,-1.1114757376593325,-0.2723842968297409,-0.5334245558578966,0.08097316189736578,-0.37474452515955725,-0.5764668918693874,-1.2010371108558093,0.17990641306871485,2.0439271706928537,-1.813319035973785,2.2424290575160697,0.670030723227757,-0.8427271380688933,0.32247010734077936,0.1869897729810191,-0.2409331635215041,0.26299866479142187,-1.0374751971982539,-0.16702361865562645
-0.6705796395553957,2.483896087052947,-0.5725487850869428,2.403334371015483,1.2439380373243947,-1.7025962569258408,-0.24226238234169223,2.665456583537384,0.3725675739534171,-0.7945593734842773,-0.8294248887471036,-2.250202872508942,-1.1353313135310008,-0.7529703479118526,0.9812674689194893,-0.2212633185929446,-1.869321523709593,-1.9029125262444246,-0.48941098048414444,1.3379739288873609,-0.20479524292841056,-0.8842984798978158,2.2683622904174365,0.32630327098001166,0.08045249751496003,-0.746654290165939,-0.8264045360192757,3.0017307238573054,0.6326907994799046,3.843684372577544,-0.28165178992967954,2.7864707625986305,-0.3603632660372339,-0.353465264096338,0.020660903700203233,-0.7245958036822419,-0.4525944664054511,-0.5533642884000323,-0.3938772060414334,0.05564347652788986,0.7239569865850964,-0.6896740279330925,-0.2156885934117246,-0.20088613129635638,-0.5983362688143726,-0.5672322599720927,-0.5217579056787751,-0.4828368872251222,-0.24018648510625176,-0.9461613966032025,-2.6641934420703364,2.1321714902121656,-0.9233556510796901,-0.9126434236334983,-0.5334245558578966,-0.37396649467075194,-0.37474452515955725,-0.5764668918693874,-1.0416922289226604,-1.2093003789900394,2.875230177970606,-2.5733344124207758,3.1002027175193887,1.120811374705215,-0.7590711881391297,0.5433718536422006,0.5369964795821123,-0.3019215414135962,0.37107628814814636,-0.7946915481482557,-1.2038898536380112
-0.08562180229041637,0.47034143292215025,-0.5783740628002002,0.35505491334602113,-0.18676300570317778,0.9851755075673202,-0.240010768796789,0.1886010018154347,-1.1797877723082089,0.42228643000657673,-0.6057226500928439,-0.5167468040023325,-0.5035862667140543,-0.41415202895185677,-0.6505811427586448,0.3968036070567673,-0.4594702421792173,-0.465449110171848,0.764304395485558,-0.17304262246104196,-0.20479524292841056,0.5750479492384936,-0.756584770611155,-0.030841637532437082,-0.4211127784282156,-0.7703739238151637,0.24212253387215713,0.28060381766843745,-0.6532098563911928,-0.2875022833343387,-0.28165178992967954,-0.5060003117411753,-0.3603632660372339,-0.353465264096338,0.8987496925083173,-0.7245958036822419,2.0126996298300908,-0.5533642884000323,-0.3938772060414334,0.2500172644107724,-0.29180503097217914,-0.6896740279330925,-0.2156885934117246,0.6965604203566885,1.6166328137940917,-0.5672322599720927,-0.5217579056787751,-0.4828368872251222,-0.24018648510625176,-0.25981336602850347,-0.8817882625656164,0.48622091263607453,1.0330932493485923,-1.1687470743550012,2.372827539617472,-1.1746602902306391,-0.37474452515955725,-0.5764668918693874,-0.5317886067365845,0.06083154517796437,-0.4499818511404049,0.46672709336718615,0.8081603672990066,-0.46257601549285154,-0.5571430331362519,-0.22604592116767397,-0.7292566281011499,-0.40712306696409023,-0.5741426813677524,-0.7080364611027179,0.4550961223338042
-1.924060719408923,-0.9910845692498815,1.3303491360975492,-0.9742477061563236,1.4924122662921875,-2.841331282022351,-0.24226238234169223,-0.7791877877565001,1.2743613893772254,-1.0031681255909175,-0.815850723780219,-1.1667928296923107,-1.962682381938616,-0.8008150096670105,-0.0036878847024374,1.1674671175604023,0.7135514554187725,1.3830490917478409,0.3647286740032089,1.4002111505968873,-0.20479524292841056,-0.6775921868190183,-0.14061772794202654,5.546786410105635,0.06621955574842317,-0.9335235761825446,-0.6734312723145195,-0.7532184901135336,0.32442694362039487,2.810887708599574,-0.28165178992967954,1.9633529940136787,-0.3603632660372339,-0.353465264096338,-1.0769500823099392,-0.7245958036822419,-0.4525944664054511,-0.5533642884000323,1.9256770842656208,-0.9162254628865221,0.08910572561179919,-0.6896740279330925,-0.2156885934117246,0.36001796348679677,-0.5983362688143726,-0.5672322599720927,-0.5217579056787751,1.5968661673551403,-0.24018648510625176,-1.2355444587851059,-1.6263372615992338,-1.2928148483825532,-1.1114757376593325,-1.3394828415026698,-0.5334245558578966,-1.2838458078069874,-0.37474452515955725,-0.5764668918693874,-1.2010371108558093,0.17990641306871485,2.0439271706928537,-1.813319035973785,0.558145598881174,5.623841980819791,-0.7590711881391297,-0.17710768814089736,0.005178728869879755,3.2066233440640595,4.391072615093957,-0.6676970240297951,-2.499972647365992
-1.3901706298416798,-1.9001240359265033,1.9653296837791323,-1.6190232720498194,-0.8070005941488122,-0.46193616586034103,1.6654818203771111,-1.1112801562555323,1.0401164961785316,-1.0189050135362745,-0.11338768674393591,0.27775389406319734,-0.9992409868522314,0.09261081698542807,-0.7259884773585171,-0.2666573070583391,1.5003343013686439,1.4763621893328647,-0.8059497485432332,-1.213027946820213,-0.20402601117966124,-1.5044173591342078,-1.3095320828421877,0.8511947470546447,0.1034856177869906,-0.6892448144155654,-0.6700404856717759,-1.062093344811135,0.5926565324851627,-0.2875022833343387,-0.28165178992967954,1.1402352254287274,-0.3603632660372339,-0.353465264096338,1.1182718897103456,0.8146422548040064,-0.4525944664054511,-0.5533642884000323,-0.3938772060414334,-0.9162254628865221,-0.5457455353614983,-0.6896740279330925,-0.2156885934117246,0.9209220582699498,-0.5983362688143726,-0.5672322599720927,-0.5217579056787751,2.2901005188818946,-0.24018648510625176,-0.6174139754735842,0.2914404631843258,-0.9796732402824649,0.017244781818522615,-0.8415035206553029,0.8120625253807,-0.8289061512388697,-0.37474452515955725,-0.5764668918693874,-0.40431270119006546,0.3783645262199653,-0.4499818511404049,0.46672709336718615,-0.7075000972962961,1.1986369771875984,0.6198096417376641,-1.0267297893002116,-0.7846640737116171,1.5793986008892076,0.9211603639649691,-0.5631132982851803,-0.4262401774012224
0.7500322509452685,0.6854163024847887,-0.5786454066531315,0.6049920200913101,-0.09671251895946535,-0.38421274599093885,-0.24226238234169223,0.32941467767409305,-0.0048291648148149876,0.42038846059014656,-0.5658146050902029,-0.5167468040023325,0.3898037027450691,-0.47566659406563117,-0.05579520018437162,0.3497432569894784,-0.4642386230637625,-0.7060459934759721,-0.2361799660368734,0.08978309950163887,-0.20479524292841056,1.1331549405512464,1.0730203066238801,-0.7991515356366813,-0.18757579639519822,-0.47980119936646365,-0.12719746256893585,0.3878015613576056,-0.2256438848873531,-0.2875022833343387,-0.28165178992967954,-0.5060003117411753,-0.3603632660372339,-0.353465264096338,0.8987496925083173,-0.7245958036822419,2.0126996298300908,-0.5533642884000323,-0.3938772060414334,1.999381355356714,-0.29180503097217914,-0.6896740279330925,-0.2156885934117246,0.6965604203566885,-0.5983362688143726,-0.5672322599720927,-0.5217579056787751,-0.4828368872251222,-0.24018648510625176,-0.03804240996066777,-0.6787294446473571,0.6917200929517576,1.2588373532441635,0.36787482997401644,-0.5334245558578966,0.3539369558382364,2.868070888291978,0.11892708700399253,-0.5317886067365845,0.06083154517796437,-0.4499818511404049,0.46672709336718615,0.9007263888239477,-0.6932524037711782,-0.3829078822480545,-0.9111811835425447,-0.6841039569225862,-0.4660008358235121,-0.6707299468728671,-0.6901078224036411,0.4550961223338042
1.502120898857385,1.14960666844732,-0.5778126818895087,1.0788262163088538,-0.06842982537695075,0.25330767427242823,-0.24226238234169223,0.7264604064824949,-0.20718610210053692,0.6613457510280343,0.12687503316992318,-0.5167468040023325,0.759383658087548,-0.2999106937405613,-0.6658168134415089,0.30828532954924787,-1.1079700424772925,-0.984319729811605,-0.4750696745971119,0.2073552087725612,-0.20479524292841056,1.393604869830531,0.6705071896321724,-1.0333843568349863,-0.1579156029220929,0.07531092746202338,0.020130550451789124,0.6112816032858694,0.4517359126636732,-0.2875022833343387,-0.28165178992967954,-0.5060003117411753,-0.3603632660372339,-0.353465264096338,0.8987496925083173,-0.7245958036822419,2.0126996298300908,-0.5533642884000323,-0.3938772060414334,1.999381355356714,-0.29180503097217914,1.29863377835986,-0.2156885934117246,-1.3226943208626625,-0.5983362688143726,-0.5672322599720927,-0.5217579056787751,-0.4828368872251222,-0.24018648510625176,0.2551250155450248,-0.6381176810637051,1.0792328329756178,1.2588373532441635,0.36787482997401644,-0.5334245558578966,0.3539369558382364,2.868070888291978,0.11892708700399253,-0.5317886067365845,0.06083154517796437,-0.4499818511404049,0.46672709336718615,1.050389208672685,-0.9462670193729015,0.042872056015156236,0.7771878558812445,-0.6803921223786046,-0.5306348111356709,-0.8038360724806229,-0.6901078224036411,0.4550961223338042
1.438452018610857,1.051905648563777,-0.5778176737205359,1.0170299914613812,0.07684785135108842,0.48681432286174176,-0.24226238234169223,0.6644140171858971,-0.5650706010363488,0.34143262991860857,0.20366602355401375,0.019799121963999737,0.72123794371957,-0.29656296230579804,-0.689053408091822,0.5383745694561212,-0.8463902910965567,-0.7356632392864618,-0.4120448986073745,0.3175344183180943,-0.20479524292841056,0.9258580580636528,0.7959658234997173,-1.0288852870400609,-0.1843931079298735,0.17659558475141177,-0.24889292359949258,0.6081668988687513,0.36388929251521157,-0.2875022833343387,-0.28165178992967954,-0.5060003117411753,-0.3603632660372339,-0.353465264096338,1.2750734591403663,-0.7245958036822419,1.308329888048507,-0.5533642884000323,-0.3938772060414334,1.999381355356714,-0.7271316099252975,1.6773590747966132,-0.2156885934117246,-1.3226943208626625,-0.5983362688143726,-0.5672322599720927,-0.5217579056787751,-0.4828368872251222,-0.24018648510625176,0.11559718517227525,-0.08889192593241292,0.9383191093305775,0.7428508300542865,0.6117830687564001,-0.5334245558578966,0.6658955774849459,1.9415521987343964,-0.07975690695983036,-0.31325848294255176,0.6051737983928234,-0.4499818511404049,0.46672709336718615,0.6236050595857277,-0.7997706730862782,0.042872056015156236,0.6793113898276913,-0.7126639864629917,-0.5250430677244408,-0.7516751372108239,-0.9974559143878147,0.7217188684721314
1.8363825201516588,0.4724045012153177,-0.5791994717735344,0.37344039788499633,-1.3283797387143865,1.1942796992704792,-0.24226238234169223,0.13705071585561765,-0.3639444357200307,1.3194498578052203,-0.045516861909512374,0.39813278770948923,2.9883071044528142,2.2016816208862666,-0.2260802126324875,0.7298077772927798,-0.1129678979023033,-0.2329409722204171,-0.4383052219364318,-1.0086746545282372,-0.20479524292841056,0.2939273906513291,1.9634281108782639,-1.0963713339639423,-0.29683270647309007,1.5973255614510744,1.021138173085175,-0.008285017019318741,-0.12796027342018418,-0.2875022833343387,-0.28165178992967954,-0.5060003117411753,-0.3603632660372339,-0.353465264096338,1.1182718897103456,0.8146422548040064,-0.4525944664054511,-0.5533642884000323,-0.3938772060414334,1.999381355356714,-0.5457455353614983,1.519556867947966,-0.2156885934117246,-1.3226943208626625,-0.5983362688143726,-0.5672322599720927,-0.5217579056787751,-0.4828368872251222,-0.24018648510625176,1.6068485952892564,0.5396234628621986,0.5371064239523385,-0.17087530476112,1.6483930835815312,0.5429651091329806,1.0818404063472251,-0.37474452515955725,1.451765546511304,-0.40431270119006546,0.3783645262199653,-0.4499818511404049,0.46672709336718615,-0.2991714789806667,-1.4429832286893343,4.004510144643044,0.7200932506833384,-0.2262578135656537,-0.5298399064350549,-1.3442035045516425,-0.38382691129441243,1.9067088513091424
-0.06705171221851233,-1.242521017479585,1.9665725616823366,-0.9366699134720223,0.44006031405917556,-0.3519518223631759,-0.24226238234169223,-0.6389167464868925,1.0066403243648174,-1.1567463678021728,-0.6156317905186697,1.1204061495872433,-0.4400594921398251,-0.7764044679551952,-0.5438246915273651,0.2600661877932853,2.1202238163594522,1.4727428171199342,-0.8059497485432332,-0.14421222596100136,-0.20479524292841056,-1.2770404367475305,-1.3095320828421877,0.4695549029920469,0.030749448506894938,-0.9239601383879472,-0.8109108194344506,-0.5139918869653914,1.0090129092304745,-0.2875022833343387,-0.28165178992967954,-0.5060003117411753,-0.3603632660372339,1.5197338569254661,1.1182718897103456,-0.7245958036822419,-0.4525944664054511,0.9928771499961601,-0.3938772060414334,-0.9162254628865221,-0.5457455353614983,-0.6896740279330925,-0.2156885934117246,0.9209220582699498,-0.5983362688143726,-0.5672322599720927,-0.5217579056787751,2.2901005188818946,-0.24018648510625176,-1.271568207157144,0.9457410986987171,-0.5686748796510988,-0.17087530476112,0.6524344418867977,-0.5334245558578966,-0.37396649467075194,-0.37474452515955725,1.451765546511304,0.8704463542751248,1.1721969788249675,-0.4499818511404049,0.46672709336718615,-0.8230874710073471,1.165422703324824,-0.7725330651393215,-0.9723539748260154,-0.6018662004703708,1.5891293308450245,0.8765848083030091,-0.9067455400174858,-1.2038898536380112
1.0703663046856144,0.45951032438302486,-0.5789002222416939,0.1811528412196255,0.11552203527242004,1.1052856236314816,-0.24226238234169223,-0.02221253603076472,-0.8522874894539938,-0.3140673860724,-0.3811380907157365,1.0000272559409513,0.80359800883225,-0.5884432967742177,-0.442151880830908,0.6116780625837832,0.6539466943619643,-0.18974785460400204,0.5025953714807595,0.1637021862060681,-0.20479524292841056,-0.9876516264372144,-1.0249268486056269,-0.30575354812652605,-0.5240209882985726,-0.7933175198273608,-0.48389165232718884,0.06439141938011693,-0.40820014238337454,-0.2875022833343387,-0.28165178992967954,-0.5060003117411753,-0.3603632660372339,2.4563334174363685,0.5694663967052745,-0.7245958036822419,-0.4525944664054511,1.7659978691942564,-0.3938772060414334,-0.9162254628865221,0.08910572561179919,-0.6896740279330925,-0.2156885934117246,0.36001796348679677,1.2474713000260145,-0.5672322599720927,-0.5217579056787751,-0.4828368872251222,-0.24018648510625176,-0.720798393811883,0.9118979623790072,0.541999261578903,0.017244781818522615,1.4349733746469453,-0.5334245558578966,0.08097316189736578,-0.37474452515955725,2.4658817657016496,1.1891361181414226,0.7752807525224666,-0.4499818511404049,0.46672709336718615,-0.5230168815000928,-0.33925988302390364,-0.7186855571385542,0.3428610377686029,-0.4853312258724296,-0.38524948244369045,-0.20035182548709154,-0.4772052378521042,0.6106260575811621
0.1650744136802892,-0.30124610872223223,-0.5798924864043609,-0.6211902690022606,-1.1610733777651885,1.6717232070084789,-0.24226238234169223,-0.6169400456303389,-1.0469478800082994,0.16988830716461992,0.7825072010704541,0.3981327877094899,1.4951335730941562,0.029143408534708464,-0.34895180435915585,0.051770987556506894,0.09366194042796433,0.4902570494518082,0.4815984319223968,-0.875104549831245,-0.20479524292841056,-0.07814393689050614,2.0447438920887104,0.14696534998784538,-0.41590450951680125,0.6350677405195605,0.36927619125459465,-0.8773740689625694,-1.409056817251912,-0.2875022833343387,-0.28165178992967954,-0.5060003117411753,-0.3603632660372339,-0.353465264096338,-1.0769500823099392,0.8146422548040064,-0.4525944664054511,0.9928771499961601,-0.3938772060414334,-0.9162254628865221,-0.5457455353614983,-0.6896740279330925,4.923422280224775,0.9209220582699498,-0.5983362688143726,2.1239360689691953,-0.5217579056787751,-0.4828368872251222,-0.24018648510625176,0.12863197697075893,0.35912673582374655,-0.16746219427285977,-0.17087530476112,0.22559502401762604,-0.26432713961017734,-0.46495442598437553,-0.37474452515955725,1.451765546511304,0.2330668265425298,-0.415467926385037,1.2126241634151007,-1.0533036595267953,-0.5750432149895784,-0.3134265589084121,0.29287834316157624,-1.1082935110115057,-0.36082844586807056,-0.22818727780472975,-1.2294033495985663,2.0290690469563395,0.3514094988355661
0.2811374766296902,-0.03691548366023674,-0.5801424224852851,-0.18240126103902793,-0.5526543972944576,0.27329525299423707,0.620881546454274,-0.3214755118922292,-0.16904717786018375,0.46986997237790507,1.763919328176218,0.5185116813557819,1.1125204986759512,0.932333451871873,0.9050128608971468,0.8237560951926785,0.6658676465733258,-0.1275754067922389,-0.17287221242505563,-0.3528823560265304,-0.20479524292841056,-0.4708858937402209,2.18704650920699,-0.7125444420843668,-0.3172167934194872,0.07871510743114102,0.4123049404297137,-0.3262444262668495,-0.8485770793255311,-0.2875022833343387,-0.28165178992967954,-0.5060003117411753,-0.3603632660372339,-0.353465264096338,1.1182718897103456,0.8146422548040064,-0.4525944664054511,0.9928771499961601,-0.3938772060414334,1.0275124159423017,-0.5457455353614983,-0.6896740279330925,-0.2156885934117246,0.9209220582699498,-0.5983362688143726,-0.5672322599720927,-0.5217579056787751,-0.4828368872251222,-0.24018648510625176,0.51967573092526,0.5396234628621986,0.07717968705533423,-0.35899539134076264,0.7235743448649926,0.00477027663754194,1.263816268974472,-0.37474452515955725,-0.5764668918693874,-0.40431270119006546,0.3783645262199653,1.2126241634151007,-1.0533036595267953,-0.4606573732297857,-0.18062373514663282,2.1467711186165683,-0.9451660675889174,0.18470479956550354,-0.4537757497381759,-0.3932238425754858,-0.4510593064159505,1.3882757338179506
0.21730279200751948,-0.019185990515835215,-0.5799113238399992,-0.11859700353423855,-0.3162647428374277,0.20698316738636516,0.40509556425528237,-0.27921784326990545,-0.4074154549533893,0.1374160650539035,1.1332296884023374,0.7291747452367936,0.8368671403975035,0.5539700553387364,0.7461490941839328,0.9134906251337643,0.7195119315244533,-0.008239668197732416,-0.09373752041028345,-0.16540453533730023,-0.20479524292841056,-0.5225624670099204,2.085401782693933,-0.6912207258688349,-0.3129177266240736,-0.06480858194479316,0.017479131048392528,-0.1877049693804252,-0.8826062062710613,-0.2875022833343387,-0.28165178992967954,-0.5060003117411753,-0.3603632660372339,-0.353465264096338,1.3926746362128815,0.4298327401824445,-0.4525944664054511,0.6063167903971121,-0.3938772060414334,1.2704796507959049,-0.8631711658481469,-0.6896740279330925,-0.2156885934117246,1.2013741056615264,-0.5983362688143726,-0.5672322599720927,-0.5217579056787751,-0.4828368872251222,-0.24018648510625176,0.20929810654334044,0.708839144460748,0.04292982366938692,-0.4060254129856731,0.8480691750768344,-0.12977843148631768,1.3093102346312837,-0.37474452515955725,-0.5764668918693874,-0.2449678192569166,0.7752807525224666,0.7969726597762243,-0.6732959713032994,-0.5186913664755628,-0.13842749670168616,1.4433880453565437,-1.3037065942781478,-0.06135390972102129,-0.4411669165559906,-0.3947751960207973,-0.7797510158990251,1.3882757338179506
0.4993360349745629,0.32798972069364124,-0.5789726472273189,0.34591534839137356,0.11295449462251896,0.5111824816370194,-0.24226238234169223,0.07285704397091927,-0.8804484359089308,-0.3817421894264076,-0.48436961528889466,1.2167092645042774,0.33553275457608256,-0.30576922375139703,-0.004958794836143085,0.6427930559432914,0.4036066979233679,0.06404735357135703,-0.2361799660368734,0.24321791191166098,-0.20479524292841056,0.7362788578399555,1.1462045097132816,-0.7768436479035092,-0.30718638587802133,-0.0418736406274328,-0.9987215456266777,0.24244868855873422,-0.7348797610604653,-0.2875022833343387,-0.28165178992967954,-0.5060003117411753,-0.3603632660372339,-0.353465264096338,0.8987496925083173,-0.7245958036822419,-0.4525944664054511,-0.5533642884000323,-0.3938772060414334,0.8331386280594194,-0.29180503097217914,0.6358645095955427,-0.2156885934117246,0.6965604203566885,-0.5983362688143726,1.0474687373926803,1.0722856398015201,-0.4828368872251222,-0.24018648510625176,-0.37157922672159754,1.1081881530333249,0.3746642147504185,-0.321371374024834,1.1361857821385253,-0.5334245558578966,1.445792131601719,-0.37474452515955725,-0.5764668918693874,0.6154945431820869,1.4897299598669684,-0.4499818511404049,0.46672709336718615,-0.5295772459539634,-0.31532606803455115,-0.2905978685324533,-1.1395596043341683,-0.6218409258622489,-0.45925785112173473,-0.5706986767191599,-0.6363219063064107,1.0772158633232347
-0.7053985584402158,-0.14006889831857655,-0.5805217295551083,-0.3285337666370723,-0.7800076012059313,1.177740353639315,-0.24226238234169223,-0.42593267028449006,-0.5303425664460841,0.560880610130389,0.31419850971293206,0.8194589154715128,-0.3327541527092796,0.597909030420004,-0.5056719693135195,-0.1052883818174323,-0.33549233918105564,-0.13866038459906202,-0.34659217462018765,-0.5349617042854482,-0.20479524292841056,0.43862179580648736,-0.3540716536194473,0.027224482008319385,-0.7105757928410394,2.1559861131626246,0.5438490116559972,-0.5942387854897683,-1.1768580686824115,-0.2875022833343387,-0.28165178992967954,-0.5060003117411753,-0.3603632660372339,2.4563334174363685,-1.0769500823099392,-0.7245958036822419,-0.4525944664054511,1.7659978691942564,-0.3938772060414334,-0.9162254628865221,0.08910572561179919,2.6241723158884955,-0.2156885934117246,-1.3226943208626625,-0.5983362688143726,1.4511439867338736,1.4707965261715938,-0.4828368872251222,-0.24018648510625176,1.189578555322725,0.6749960081410381,-0.22128340816506276,0.2994249116879864,-0.16567444236244805,-0.5334245558578966,0.08097316189736578,-0.37474452515955725,-0.5764668918693874,1.667170763940869,0.17990641306871485,-0.4499818511404049,0.46672709336718615,-0.5269819369392453,-0.6144173478674764,-0.8802280811408563,1.3420166287319564,1.1354133892175753,-0.5513571543655232,-0.3915561376217756,1.528561216607112,0.22180121946276776
1.5926500879579175,1.179005391624947,-0.5782173513563155,1.0257180343113212,-0.5487083654325774,0.10372509384608078,-0.24226238234169223,0.6745302763103422,0.6197351208846059,0.47870595662571885,-0.11338768674393591,-1.1667928296923107,0.9661507689230657,-0.05385243328546349,-0.5120519381847222,-0.5333709312695707,-1.360694229358161,-1.2900921616555199,-0.8059497485432332,-0.16472993102781938,-0.20479524292841056,3.3531805282175298,0.10332961568931147,-1.0192778984154807,-0.02766398126681131,0.15502066690839617,-0.121783516663334,0.39597766045254174,0.024169941159833837,-0.2875022833343387,-0.28165178992967954,-0.5060003117411753,-0.3603632660372339,-0.353465264096338,-1.0769500823099392,-0.7245958036822419,2.629023153888976,-0.5533642884000323,-0.3938772060414334,-0.9162254628865221,1.993659508531691,0.9672491439777015,-0.2156885934117246,-1.3226943208626625,-0.5983362688143726,1.4511439867338736,3.463350958021963,-0.4828368872251222,-0.24018648510625176,0.6252148074706849,-1.1525333531232955,1.466745572999477,1.4281454311658417,0.2611649755067235,-0.5334245558578966,0.08097316189736578,2.868070888291978,0.7273968185181999,-0.2449678192569166,-1.0108422658387888,-0.4499818511404049,0.46672709336718615,1.3156874635105231,-1.2151235410866241,0.27364709030415935,0.7200932506833384,-0.46506580662827174,-0.5657476704973652,-0.9004000676840584,1.001907454821731,-0.16702361865562645
0.5829014402981316,0.45951032438302486,-0.5792429166340253,0.3287719086269145,0.041194580645610074,0.7867316230878395,-0.24226238234169223,0.05348498914180909,-1.6674183477535078,0.4104479783113558,-0.2528622317786762,1.0000272559409513,0.5497989660771229,-0.36142525885433574,0.31403964872399065,0.6514696284221202,0.17710860590749647,-0.4021429809084552,-0.33114159645460006,0.251246960727207,-0.20479524292841056,-0.5535684109717399,0.43875721318240124,-0.7814364483191624,-0.19044483418346914,-0.4754738519480938,0.16653940474600296,0.1007296375798346,-0.7324777050407807,-0.2875022833343387,-0.28165178992967954,-0.5060003117411753,-0.3603632660372339,2.4563334174363685,0.5694663967052745,-0.7245958036822419,-0.4525944664054511,-0.5533642884000323,-0.3938772060414334,0.5415779462350959,0.08910572561179919,-0.6896740279330925,-0.2156885934117246,0.36001796348679677,-0.5983362688143726,-0.5672322599720927,-0.5217579056787751,-0.4828368872251222,4.218752547144527,-0.709996611428058,0.9118979623790072,0.4832852100601364,0.017244781818522615,1.0081339567777738,-0.5334245558578966,1.445792131601719,-0.37474452515955725,-0.5764668918693874,1.1891361181414226,0.7752807525224666,-0.4499818511404049,0.46672709336718615,-0.45561093903450073,-0.54570938919056,-0.25425080063193534,-1.084504092179045,-0.15534713930249186,-0.4506235414426296,-0.41176251624696203,-0.37635664516979717,0.6106260575811621
1.3140987368793557,0.28543893714707635,-0.5769352417341945,1.1475991863457533,1.0699648458531033,0.28603253528058653,-0.24226238234169223,0.7966230588467511,-1.741489812292101,-0.9909612133525626,-0.1877062399376296,1.541732277349267,0.3441155403088773,-0.5811201342606731,-0.7471576038183064,1.868847334909418,0.4751324111915386,0.33605597533806336,0.10088033917548289,1.0794326438584994,-0.20479524292841056,0.37660990788284815,1.0791189902146636,-0.9979541821999486,1.682309479864318,0.013516406327701591,-1.0715977018000309,0.9910159834729211,1.6215371942500196,-0.2875022833343387,-0.28165178992967954,-0.5060003117411753,-0.3603632660372339,-0.353465264096338,0.5694663967052745,-0.7245958036822419,-0.4525944664054511,-0.5533642884000323,1.9256770842656208,0.5415779462350959,-1.8154480573080929,0.9672491439777015,-0.2156885934117246,0.36001796348679677,1.2474713000260145,-0.5672322599720927,-0.5217579056787751,-0.4828368872251222,-0.24018648510625176,-0.5920103771406384,1.4872312798140752,-1.468957002938853,-0.8292956077898688,1.3282635201796524,-0.5334245558578966,1.445792131601719,-0.37474452515955725,-0.5764668918693874,-0.2449678192569166,2.561403770883722,-0.4499818511404049,0.46672709336718615,-0.4775989737425281,-0.3903024068277257,-0.41867801256285003,-0.4625807141304269,-0.8123119194376939,-0.3708589663118485,-0.42580226492703427,-1.7658261443482488,1.7771005719363446
0.5829014402981316,0.6116616110040759,-0.5789490536294157,0.470717725095758,-0.6984155700533932,0.3185283157869649,-0.24226238234169223,0.1983684244183475,-0.41752804842197444,0.5573462164312636,0.7010622112691459,-0.08338278687567968,0.37547016158861674,0.05355395024652359,-0.6370078225306678,0.29885219059599605,-0.6374897952022179,-0.5680523807173342,-0.4383052219364318,-0.325644792505372,-0.20473935063878484,-0.6155802988953791,0.43875721318240124,-0.6655229140193475,-0.280669113299735,0.33662501356598534,0.33968130039001704,0.10678600727978754,-0.14397398021808064,-0.2875022833343387,-0.28165178992967954,-0.5060003117411753,-0.3603632660372339,-0.353465264096338,1.1182718897103456,0.8146422548040064,-0.4525944664054511,-0.5533642884000323,-0.3938772060414334,1.999381355356714,-0.5457455353614983,1.519556867947966,-0.2156885934117246,-1.3226943208626625,-0.5983362688143726,-0.5672322599720927,-0.5217579056787751,-0.4828368872251222,-0.24018648510625176,0.6345813381892674,0.22375419054490606,0.6056061507242332,0.5816050415574502,0.36787482997401644,1.6193547741238576,0.7178886810927307,-0.37474452515955725,-0.5764668918693874,-0.40431270119006546,0.3783645262199653,-0.4499818511404049,0.46672709336718615,-0.005997682873635182,-0.7059736877473788,0.5813471360228302,0.7200932506833384,-0.6632963969699436,-0.5250430677244408,-0.6333992118005136,-0.6303456934067183,0.869842616326758
-1.3948131523596556,-1.446764778503099,1.711012681288873,-1.2169566548598072,-0.7671807303029514,-1.1591151769672665,-0.24226238234169223,-0.8879317594022617,1.1208994985086682,-0.17065936173037916,-0.031942696942627725,-0.37229213162678154,-1.2971656337696178,-0.22960833361053337,-0.614995659014885,-0.2868643356790105,1.1903895438732404,1.0676195546138834,-0.8059497485432332,-1.085827309524203,-0.2047281721808597,-1.5829657505041508,-1.3054662937816657,0.8142336389477227,0.008138377612168755,-0.573098809706518,0.3057418526114655,-0.8967544520024188,0.4181071283880898,-0.2875022833343387,-0.28165178992967954,-0.5060003117411753,-0.3603632660372339,-0.353465264096338,0.8987496925083173,1.1224898665012564,-0.4525944664054511,-0.5533642884000323,-0.3938772060414334,0.2500172644107724,-0.29180503097217914,-0.6896740279330925,-0.2156885934117246,0.6965604203566885,-0.5983362688143726,-0.5672322599720927,-0.5217579056787751,2.0128067782711927,-0.24018648510625176,-0.04812834722113364,-0.11016475447623073,-0.7291599538023942,0.8073491454530214,-1.083379190781167,2.049910640120209,-1.065474772654291,-0.37474452515955725,-0.5764668918693874,-0.5317886067365845,0.06083154517796437,-0.4499818511404049,0.46672709336718615,-0.3249515485268653,0.8530674226225172,0.13518206973075758,-0.9356503000559331,-0.6622232909688054,1.3500000684941882,0.6195617406618948,-0.4032496032184124,-1.1002032301397728
2.3238473845391416,0.4981928548799024,-0.5774819079634791,1.0560363393776104,1.275581564410098,0.20701605691124927,-0.24226238234169223,0.7131929907802051,-0.3695917283402525,-0.6695522863383286,-0.4116799618912271,1.0000272559409513,1.5600101857881794,-0.7861686846399213,-0.39131547548204415,0.7185550480845859,-0.09707329495382173,-0.5697463468151525,-0.17485305577961818,1.3377264100119166,-0.20479524292841056,1.4928238905083537,1.5670136774773396,-1.1176950501794745,1.7220449797488147,-0.5593378449161018,-0.5086887366522869,0.7457330106248257,2.3661745603522117,-0.2875022833343387,-0.28165178992967954,-0.5060003117411753,2.258122199529933,-0.353465264096338,-1.0769500823099392,-0.7245958036822419,-0.4525944664054511,-0.5533642884000323,1.9256770842656208,0.5415779462350959,0.08910572561179919,-0.6896740279330925,-0.2156885934117246,0.36001796348679677,1.2474713000260145,-0.5672322599720927,-0.5217579056787751,-0.4828368872251222,-0.24018648510625176,-0.7476372438100718,1.013427371338137,-0.9992445907887202,0.017244781818522615,2.5020719193198744,-0.5334245558578966,1.445792131601719,-0.37474452515955725,2.4658817657016496,1.1891361181414226,0.7752807525224666,-0.4499818511404049,0.46672709336718615,-0.32981054373775404,-0.24148943471706022,-0.7994568191397052,-0.03437117514613259,-0.3757722385258747,-0.3480397193027849,-0.35331527519483863,-0.5108214354128731,0.6106260575811621
1.0355473858007942,0.3821452633892698,-0.579075102634055,0.10622060996327072,0.5859886181563596,0.9480133502350839,-0.24226238234169223,-0.09017751830936577,-0.9633946863800832,-0.4969722600021496,-0.4116799618912271,0.8194589154715128,0.9141338856940047,-0.6470285968825743,-0.39131547548267953,0.03707061365473852,-0.1924409126447153,-0.5982340737642522,0.5025953714807595,0.5670261711049246,-0.20479524292841056,0.19057424411193052,0.408263795228484,-0.3073938339892593,-0.4149167343784298,-0.8206663555114584,-0.5637372537894698,-0.017369571569248,0.07221106155352369,-0.2875022833343387,-0.28165178992967954,-0.5060003117411753,2.258122199529933,-0.353465264096338,0.5694663967052745,-0.7245958036822419,-0.4525944664054511,-0.5533642884000323,-0.3938772060414334,0.5415779462350959,0.08910572561179919,-0.6896740279330925,-0.2156885934117246,0.36001796348679677,1.2474713000260145,-0.5672322599720927,-0.5217579056787751,-0.4828368872251222,-0.24018648510625176,-0.7460239212186202,0.7426822807804578,0.5126422358195197,0.2994249116879864,1.3282635201796524,-0.5334245558578966,0.08097316189736578,-0.37474452515955725,2.4658817657016496,1.667170763940869,0.17990641306871485,-0.4499818511404049,0.46672709336718615,-0.4830058675231906,0.1003408004539932,-0.7994568191397052,0.026801616137338034,-0.37756828749876903,-0.3829881156229724,-0.2823408550718224,-0.5108214354128731,0.22180121946276776
-1.2625012605973391,-1.41465827819069,1.3285895243179473,-1.322703858455182,-1.5873173835418448,-0.3757639968886762,-0.24226238234169223,-0.9663967209789938,1.1764530969717126,0.36876422262229325,0.7010622112691459,-0.6250878082839952,-0.754431400712811,0.07064132944479434,-0.49298828617913654,-0.245348947493887,0.8446819297437514,0.6180860331054953,-0.8059497485432332,-1.6114755776516123,-0.20479524292841056,-0.863627850589936,-0.6894992511125371,0.6275691077686814,-0.06147283032107751,-0.13447887538054804,0.8403580010862206,-1.0666356220860995,0.1442727421440582,-0.2875022833343387,-0.28165178992967954,1.9633529940136787,-0.3603632660372339,-0.353465264096338,0.5694663967052745,1.5842612840471306,-0.4525944664054511,-0.5533642884000323,-0.3938772060414334,-0.9162254628865221,0.08910572561179919,-0.6896740279330925,-0.2156885934117246,0.36001796348679677,-0.5983362688143726,-0.5672322599720927,-0.5217579056787751,1.5968661673551403,-0.24018648510625176,0.6134834948520503,-0.3064549451305484,-0.6176032559167373,0.863785171426914,-1.0193532781007912,2.292098314743156,-0.8744001168956815,-0.37474452515955725,-0.5764668918693874,-0.723002465056363,-0.415467926385037,-0.4499818511404049,0.46672709336718615,-0.2846089117314158,0.5895186721241197,0.4755752453070371,-0.20769408378263268,-0.5312462200594885,1.0324219353446247,0.47724057558898675,0.07185932230712257,-0.5558484567740207
-1.41172519867514,-1.7412493571000418,1.8744627188012424,-1.4646867472301577,-0.9323926128641419,-0.5945382837031511,-0.24226238234169223,-1.0324431023891656,1.0565653920818596,-0.3109564884754377,0.23566226954738495,-0.057587309665759354,-1.1327038107168927,-0.19926951748299157,-0.5656117223908915,-0.058396309645901444,1.4611654583884544,1.231044690835259,-0.8059497485432332,-1.2561337958331593,-0.20479524292841056,-1.1116754022844928,-0.9421589998735657,0.8286212892294115,0.02488693891941603,-0.39758159841743607,0.2007142889479136,-1.0212128493364523,0.4393824817052959,-0.2875022833343387,-0.28165178992967954,1.2578234780837205,-0.3603632660372339,-0.353465264096338,1.0398711049953357,0.9245878304101672,-0.4525944664054511,-0.5533642884000323,-0.3938772060414334,-0.9162254628865221,-0.4550524980795985,-0.6896740279330925,-0.2156885934117246,0.8407929018723567,-0.5983362688143726,-0.5672322599720927,-0.5217579056787751,2.1910670400923586,-0.24018648510625176,-0.03618029684659884,0.08999322318605331,-0.9111735135105703,0.4606707001848228,-0.9888647482529932,1.4848060659999982,-0.9913846000131976,-0.37474452515955725,-0.5764668918693874,-0.44983981031382214,0.26495989013353677,-0.4499818511404049,0.46672709336718615,-0.5235009272290283,1.0655666715284648,0.08820286632192464,-0.8398129270451624,-0.6180056485872731,1.4856350882968388,0.7611825804652045,-0.4531936681658408,-0.8891268894469299
-0.11347693739827243,-0.09751811477201083,-0.580452402001198,-0.29472220988980163,1.0097499682674238,-0.3761538457146371,-0.24226238234169223,-0.3970373784175402,0.28404954719301717,-0.7128265191919977,-0.1306947470767139,0.6388905750020744,0.5129536737898713,-0.031882945744829756,0.8351128035433326,-0.2176241380830605,-0.19244091264471636,0.2379423705597543,-0.33114159645460006,1.0603758041162894,-0.20479524292841056,-0.863627850589936,0.530237467044153,-0.5173504244191124,-0.2982021220058321,-0.4790222768311571,-0.7176205856399253,-0.4398013581409676,-0.6964468647455133,-0.2875022833343387,-0.28165178992967954,-0.5060003117411753,-0.3603632660372339,-0.353465264096338,0.5694663967052745,1.5842612840471306,-0.4525944664054511,-0.5533642884000323,-0.3938772060414334,1.999381355356714,0.08910572561179919,-0.6896740279330925,-0.2156885934117246,0.36001796348679677,-0.5983362688143726,-0.5672322599720927,-0.5217579056787751,-0.4828368872251222,-0.24018648510625176,-0.509559976887445,0.5396234628621986,0.26310751686476164,-1.1114757376593325,0.794714247843188,-0.5334245558578966,1.445792131601719,-0.37474452515955725,-0.5764668918693874,-0.723002465056363,-0.415467926385037,-0.4499818511404049,0.46672709336718615,-1.3839145245790863,-0.2744594859779026,0.4669211815211996,-0.5441444358417211,0.33756852325851094,-0.4337660796881862,-0.05417554710258338,-0.28671345167441314,-0.16702361865562645
0.5132636025284912,0.28930719019676454,-0.579758464698179,0.10013962029148447,1.0333188795861865,0.1551131711715016,-0.24226238234169223,-0.06616593774387186,0.11541876612158194,-0.5120287771604248,0.44654661814005786,0.6388905750020744,0.8209369699086037,0.1145803045260618,0.32676145916238475,-0.2521724109499193,-0.7288837621559914,0.0060475902800601646,-0.5302163535881321,1.158352561842058,-0.20479524292841056,-0.6465862428571988,0.19480986955106322,-0.7125444420843666,-0.27348529411157724,-0.01642883780741792,-0.5948472414559879,-0.25356798986741386,-0.13196370011965816,-0.2875022833343387,-0.28165178992967954,-0.5060003117411753,-0.3603632660372339,-0.353465264096338,0.5694663967052745,1.5842612840471306,-0.4525944664054511,-0.5533642884000323,-0.3938772060414334,1.999381355356714,0.08910572561179919,0.9672491439777015,-0.2156885934117246,-1.3226943208626625,-0.5983362688143726,-0.5672322599720927,-0.5217579056787751,-0.4828368872251222,-0.24018648510625176,-0.2652537889660345,0.5734665991819085,0.5860348002179779,-1.1114757376593325,0.794714247843188,-0.5334245558578966,1.445792131601719,-0.37474452515955725,-0.5764668918693874,-0.723002465056363,-0.415467926385037,-0.4499818511404049,0.46672709336718615,-1.2591955080384722,-0.48530499897933804,0.8217377967405418,0.8628297636781032,0.3406617187118288,-0.48762772578165176,-0.1650973184423798,-0.28671345167441314,-0.16702361865562645
-0.1691872076139848,-0.1392952477086391,-0.5811505156683818,-0.4199059968199635,0.76117613548418,-0.29667949543231154,-0.24226238234169223,-0.48372325401839034,1.0542351803530146,-0.7210439845424648,0.10651378571959613,0.3499812302509725,0.771000762008705,0.18927656216421643,0.7347109029805812,-1.1754947554477784,-0.7598782379055314,0.22462097870810072,-0.8059497485432332,0.9123148209753131,-0.20479524292841056,-0.627982676480107,-0.2077032474406445,-0.4848727643369944,-0.33679270070721606,0.13873253122565213,-0.6031802738666625,-0.8749515210825886,-0.561931727643182,-0.2875022833343387,-0.28165178992967954,-0.5060003117411753,-0.3603632660372339,-0.353465264096338,-1.0769500823099392,2.046032701593005,-0.4525944664054511,-0.5533642884000323,-0.3938772060414334,0.8331386280594194,1.993659508531691,0.6358645095955427,-0.2156885934117246,-1.3226943208626625,-0.5983362688143726,1.0474687373926803,1.0722856398015201,-0.4828368872251222,-0.24018648510625176,0.04232028675365385,0.26887837230451955,0.29246454262414495,-0.9986036857115471,0.6239784806955192,-0.5334245558578966,1.445792131601719,-0.37474452515955725,-0.5764668918693874,-0.5317886067365845,-1.36806686951104,-0.4499818511404049,0.46672709336718615,-1.490995052075709,-0.4935108784042587,0.608270890023214,1.0626608818707741,0.9478260520486105,-0.48853227250993897,-0.06173063838125261,1.2999710731938827,-0.7891433596450571
-0.6705796395553957,-0.04336257207638314,-0.5794941390025332,-0.19686632992404846,-0.96806817443032,0.44944835997595856,-0.24226238234169223,-0.3293437134334645,-1.6786472665917826,0.57300358051839,-0.8233165145120056,-0.08338278687567968,-0.5718150785495061,-0.22960833361053337,-0.6497338693361744,0.5408576945032784,-0.04144218463413471,-0.046354946046178916,0.9387770781554237,-0.8574343123897797,-0.20479524292841056,-1.0496635143608535,-0.9436110673951809,0.17211639988308802,-0.5392866040734073,-0.369251897318508,0.6226340453569197,-0.22025795651767247,-1.0487484142992387,-0.2875022833343387,-0.28165178992967954,-0.5060003117411753,-0.3603632660372339,-0.353465264096338,1.1182718897103456,0.8146422548040064,-0.4525944664054511,-0.5533642884000323,-0.3938772060414334,0.05564347652788986,-0.5457455353614983,-0.6896740279330925,-0.2156885934117246,0.9209220582699498,1.8627404896394768,-0.5672322599720927,-0.5217579056787751,-0.4828368872251222,-0.24018648510625176,0.291545505940656,0.1560679179054863,0.038036986042823316,0.5816050415574502,-1.054923229589889,1.6193547741238576,-1.1018699451797402,-0.37474452515955725,-0.5764668918693874,-0.40431270119006546,0.3783645262199653,-0.4499818511404049,0.46672709336718615,-0.09731411116926801,-0.21698576698986619,-0.2455967368460977,-0.3946109460376816,-0.6856605326990945,-0.38867579580841477,-0.3945166371132456,-0.7125186207774872,0.869842616326758
